Job Title,Company,Location
Coding Bootcamp﹣Job Guaranteed,Metana,🌏 Worldwide
The World's Best Dashboard Designer,TradeStream,🌏 Worldwide
Full Stack Developer,Novabyte Solutions,🌏 Worldwide
Senior Trading Technology Engineer,BitMEX,Remote - Asia
Current Job Openings,UMA Education,💰 Upgrade to Premium to see salary
Backend Engineer,Veda Tech Labs,💰 Upgrade to Premium to see salary
Growth Product Manager,Open Inc.,Los Angeles
Senior Backend Engineer Rust,Jobgether,European Union
Frontend Engineer React.js,Jobgether,EMEA
Senior Data Engineer,Jobgether,Latin America
Head of Product Marketing,Fastbreak AI,Charlotte
Junior Support Specialist,Paddle,Lisbon
Communications Manager,Patreon,🌏 Probably worldwide
Orca T Account Manager Central,Orca Bio,💰 Upgrade to Premium to see salary
Client Support Specialist,Clipboard,⏰ Contractor
Current openings,Correlation One,💰 Upgrade to Premium to see salary
Developer Marketing Manager,The Sia Foundation,"Boston, Massachusetts"
Machine Learning Engineer,Incode Technologies,Spain
Product Lead,Noble,💰 Upgrade to Premium to see salary
Blockchain Solutions Engineer,InfStones,Texas
